index,content
有顾客说淘宝上找不到人康益生菌了，是不是下架了？,人康益生菌目前在淘宝下架了，可以在京东上购买。
空腹服用肽是否适合老年人？,不适合，特别要注意基础病因素
这位客户的红包每次都显示发送成功了，但是他的手机上又显示没收到，是怎么回事,客户反馈红包发送成功但手机未收到，可能是网络问题或手机设置的原因，建议客户检查手机网络连接及相关设置，并联系技术部进行进一步排查。
保健品储存方式错误会导致什么问题？,保健品储存方式错误可能导致潮湿，导致食用安全问题。
人康二十周年庆典直播间的抽奖是什么形式？,人康二十周年庆典直播间的抽奖采用大屏滚动抽奖，共计有 100 个 20元、30 个 66元、20 个 200元奖励。
人康二十周年庆典直播的开始时间和结束时间是？,人康二十周年庆典的直播在 14：00 开启，14：15分开始预热互动抽奖，14：30分正式开始，预计16：00结束。
人康二十周年庆典直播使用的视频内容会在什么时候上传至微盘？,人康二十周年庆典直播使用的视频内容会在直播结束后上传至微盘，供大家及时查阅使用。
辅酶Q10为何搜不到且买不到了？,平台正在确认库存，并将会重新上架产品。
服用肽半个月后出现小疙瘩怎么回事，需要改变服用量吗？,可以尝试减少服用量并且水溶液稀释后分次服用
牦牛肽的作用是什么？,牦牛肽本身是牦牛骨头中提取的，能生髓养神经，针对神经衰弱和失眠效果好。
为什么服用还原型辅酶会导致肚胀？,这里的还原型辅酶导致肚胀的原因需要进一步了解服用人的情况和服用量，建议咨询专业人士获取更准确的解答。
灵芝孢子粉会导致顾客心慌吗？,灵芝孢子粉可能对个体产生不同反应，如果出现心慌等异常症状，建议及时就医并停止使用。
肾有问题的能否服用肽？,肾有问题的不能服用肽。
过度服用蛋白质会对肾小球造成什么影响？,过度服用蛋白质会给肾小球增加工作负担。
蓝莓片剂和冲剂有什么区别？,冲剂容易氧化反应，适用于吸收缓慢的中药颗粒剂型等；片剂通过包衣减缓有效成分和空气接触，缓慢释放有效成分，更适合保留标志性成分。
吃三宝丸过敏，出现疹子，如何解释给顾客？,建议向顾客解释，三宝丸可能会引起过敏反应，不同人对不同保健品成分的耐受程度可能不同，建议停止食用并及时就医。
大便不成型，吃益生菌该怎么去吃？,益生菌建议在早中晚饭后半小时每次2袋，水温不超过37℃，与消炎药、灭菌药物间隔2小时以上。
服用咱们还原型辅酶Q10后出现心慌，乏力，不想动，吃了速效和丹参滴丸有所缓解，还能继续服用辅酶Q10吗？,建议咨询医生，因为病症较复杂，需医生指导后继续服用辅酶Q10。
顾客吃2000亿益生菌烧心，喝1356亿没有这种情况，怎么回事儿呢？,正常情况下服用益生菌不会引起烧心，建议咨询医生并在医生指导下进行治疗，改善日常饮食，避免刺激肠胃。
服用灵芝孢子粉后大便颜色变成黑色了？怎么回事？,服用灵芝孢子粉后排泄物为棕黑色，这是正常现象，类似于服用红心火龙果后的情况。
服用磷虾油大便带油，是什么原因？,服用磷虾油大便带油的原因
如何判断产品是否纯进口？,可以通过原产地证和发货渠道来判断产品是否纯进口，保税仓直发和原产地证都是证明产品纯进口的方式。
辅酶Q10对意思好处是什么？,辅酶Q10是一种对心脏健康有益的抗氧化剂，可以帮助提高心脏功能、维持能量水平，还有助于减缓衰老过程。
牛皮癣患者可以食用肽吗?,不建议牛皮癣患者食用肽，应该控制蛋白质摄入。
辅酶Q10对高温环境运输的影响是什么？,辅酶Q10在高温环境下可能会产生黏连，建议采取隔温装置和低温航空仓等方式来改善运输方式，减少黏连问题。
羊奶粉的追溯码怎么查询?,您可以通过扫描羊奶粉包装上的二维码或者查询官方网站来获取羊奶粉的追溯码信息。
胃息肉手术后可以服用益生菌吗?,术后是否能服用益生菌最好遵医嘱，具体情况需根据术后病情和医生建议来决定。
益生菌引起肚子胀的原因及处理方式？,肚子胀可能是由于益生菌引起的肠道排气，建议减少用量或者暂时停服并逐渐递增用量。
磷虾油有可能引起胃部不适吗？,是的，有可能引起胃部不适，如胃热、烧心、不解大便等症状。
益生菌导致连续4天不排便，是否需要减量吃？,是的，连续4天不排便，建议减量吃，观察情况。
益生菌包装出现不一致的情况，是否是批次问题？,客户反应益生菌包装不一致，可能是批次问题或生产疏漏。
磷虾油导致睡眠不佳，是否有关？,是的，某些情况下磷虾油可能影响睡眠质量。
顾客吃完益生菌会引起头痛吗？ 是否还能继续服用？,头痛不一定是由益生菌引起，若症状持续建议停止服用并就医检查
能把牦牛骨胶原蛋白肽滴到眼睛里吗？,不能，眼睛很脆弱，研发部门说不可以。
家人们，如何回复客户关于磷虾油的效果的问题？,产品有一定改善作用，但具体效果因人而异，每个人的身体状况不同，服用产品后的反馈也会不同
顾客服用磷虾油一天六粒后，排黑色疙瘩状大便，是怎么回事？,建议向专业医生咨询，此种情况可能需要注意身体反应和个体变异
磷虾油有什么作用？,磷虾油中的磷脂具有促进脂肪代谢、降低胆固醇、改善血液循环的作用。
什么是脑栓塞？,脑栓塞是栓子沿血循环进入脑动脉系统，引起动脉管腔闭塞，可能导致脑部供血不足或缺血性卒中。
保健品店长需要注意哪些客户服务方面的问题？,保健品店长需要注意客户服务质量、产品质量、配送服务及客户投诉等方面的问题，并进行及时跟进和解决。
保健品店长应该如何处理客户的咨询和投诉？,保健品店长应该耐心倾听客户的问题，进行有效沟通并及时解决客户的咨询和投诉。
胶原肽一天最多可以喝几包？,一般建议每天不超过2包，具体用量还需结合个人情况和产品说明来确定
吃了牦牛骨胶原蛋白肽和叶黄素之后，眼睛发红，发肿，疼，看不清是什么原因？,可能是对其中某种成分过敏引起的，建议停止食用并咨询医生
牛初乳应该怎么保存？,牛初乳应该保存在干燥防潮的环境中。
牛初乳变色了可以吃吗？,变色的牛初乳已经发生了返潮，不能吃了。
顾客下单购买辅酶Q10超出限购数量，我们应该怎么处理？,对于超出限购数量购买的顾客，不可以继续购买，需要进行处理。
辅酶Q10下单限购数量是多少？,辅酶Q10下单限购数量为24或32瓶，超过这个数量不可以购买。
还原型辅酶Q10摄入后会导致上火吗？,摄入还原型辅酶Q10不会导致上火症状。
垂体癌的肿瘤指标CA724和孢子粉有关系吗？,没有明确证据表明孢子粉与垂体癌肿瘤指标CA724有关联。
阿克虾油会引起痛风吗？,阿克虾油不会引起痛风，因为在生产过程中已去除了引起痛风的嘌呤物质。
辅酶现在怎么又下不了单了呀,辅酶Q10现在无法下单
顾客益生菌为啥化不了,益生菌不会直接在嘴里化，需要进入胃肠道发挥作用
长期饱食会对骨质疏松有何影响？,长期饱食会使甲状旁腺激素增多，易使骨骼过分脱钙，造成骨质疏松。
饱餐后会对心梗有何影响？,饱餐后血脂水平会突然升高，致使血液黏稠度增加，导致血小板聚集性增高，易在冠状动脉狭窄的基础上形成血栓，堵塞管腔，引起急性心肌梗死。
老年顾客服用磷虾油后低密度脂蛋白变得非常低，可能是什么情况？,这种情况需要进一步了解客户的具体情况，不应该简单归因于磷虾油的作用。
服用牦牛骨胶原蛋白肽后的各种反应有哪些处理方式？,厂家给出了可能的处理方式，包含服用后皮肤、神经系统、五官、呼吸系统、心血管系统、消化系统、泌尿系统、内分泌系统、运动系统等多个类别，详细汇总参见厂家回复链接https://doc.weixin.qq.com/sheet/e3_Aa0AsQbqAAosoCZvH0YT12Sb29KDk?scode=AG0A3QfYAA0rR0Ew2DAa0AsQbqAAo&tab=BB08J2
贫血患者能否食用磷虾油及海鲜？,缺铁性贫血可以适量食用磷虾油和海鲜，但顾客需根据医嘱或中医具体情况酌情食用
牦牛骨胶原蛋白肽有无禁忌人群,可以食用，但如有特殊情况，建议咨询专业医生意见。
牦牛骨胶原蛋白肽会对乳腺增生和弹力纤维瘤有影响吗,理论上不会对乳腺增生和弹力纤维瘤有影响，但具体情况还需咨询专业医生。
牦牛骨胶原蛋白肽对癌症康复期的影响,癌症康复期是否适宜服用牦牛骨胶原蛋白肽，建议低复发几率者可以服用，高复发几率者可以咨询医生意见。
牦牛骨胶原蛋白肽的含量是多少？,牦牛骨胶原蛋白肽的含量通常为95%。
做完白内障手术多久可以吃蓝莓？,术后一周内不宜吃蓝莓，手术后医生会给出详细的饮食指导。
益生菌对肺结节有什么好处？,益生菌对肺结节没有直接的治疗作用，但可以调节肠道菌群、提高免疫力，对身体健康有一定的帮助。
顾客吃完虾油感觉嗓子有起泡的感觉，跟吃虾油有没有关系？,嗓子产生泡沫的症状可能与食用虾油有关，建议停止食用并就医咨询。
牛初乳扫防伪码不显示，如何解释？,对于扫描不显示的问题，需要联系厂家或品牌方查询真伪，客户可以凭购买凭证到专柜查询。
有客户吃上阿克油头晕，头痛，血压高，怎么回事？,这可能是对产品的过敏反应，建议立即停止食用并就医，严重情况下应紧急就医。
为什么产品没有注册®商标？,产品商标注册之前可以使用TM标志，注册成功后可以使用®商标。没有注册®商标通常是因为商标尚未注册完成。
顾客吃完肽后出现胸闷气短是什么原因？,胸闷气短可能和心血管、肺、胸膜壁有关，需要进行综合判断，单纯的气短不足以做出判断。
订单的身份信息和支付人信息是否一致会对购买保健品有什么影响吗？,如果订单的身份信息和支付人信息不一致，可能会导致购买保健品时出现问题，建议尽量保持一致。
换过肾的人能否服用胶原蛋白肽？,换肾的顾客不能服用胶原蛋白肽，因为蛋白质吸收和肾脏有直接关系，换肾的顾客服用蛋白质会给肾小球造成很大的工作负担，导致过滤和代谢异常。
什么情况下不能服用胶原蛋白肽？,不能服用胶原蛋白肽的情况包括换过器官的、吃免疫抑制剂的以及患有尿毒症的顾客。
食管糜烂术后恢复期适合服用益生菌吗？,不适合，术后恢复期不要服用益生菌，建议顾客咨询医生建议
吃完肽后出现胸闷气短怎么回事？,针对单纯的气短，很难判断是肽引起的，需要排除心血管、肺、胸膜壁等问题，不能简单判断为肽引起的胸闷气短。
灵芝孢子粉吃后肚子疼并且大便增加怎么解释？,可能是顾客对灵芝孢子粉产生了不良反应，建议停止使用并向医生咨询
辅酶Q10引起腹泻的可能原因是什么？,老辅酶Q10可能会引起腹泻，建议顾客停止使用并咨询医生，尝试其他补充剂
食管糜烂术后适合服用胶原蛋白肽吗？,可以适量服用胶原蛋白肽，但建议咨询医生或者营养师
吃完牦牛骨胶原蛋白肽腿肿了，脚肿，痛风，这个怎么解释,这可能是对牦牛骨胶原蛋白肽的过敏反应，建议停止食用并就医进行咨询。
磷虾油引起大便带油的原因,服用磷虾油导致大便带油可能是摄入脂肪过多所致，建议适量摄入并关注膳食结构。
甲状腺结节、尿蛋白高可以吃阿克虾油吗,建议在医生指导下适量食用阿克虾油，并根据个体情况调整用量。
载脂蛋白偏高能否服用磷虾油,磷虾油对于控制载脂蛋白偏高有一定作用，但建议在医生指导下适量食用。
肺大泡 肺气肿 吃磷虾油可以吗,尚无证据表明磷虾油对肺大泡和肺气肿有益，建议在医生指导下进行食用。
羊奶粉胀袋是否影响服用保健品,羊奶粉胀袋可能意味着质量问题，建议咨询厂家并注意对产品的选购和储存条件。
牦牛骨胶原蛋白肽引起过敏怎么处理,应立即停止食用，并就医寻求进一步的指导和治疗建议。
带状疱疹患者能否服用磷虾油,建议带状疱疹患者在接受医生指导下评估服用磷虾油的适宜性，并注意避免与其他禁忌食物的共同摄入。
老师，吃完益生菌胃拧着疼怎么回事？,可能是因为个人体质原因，建议停止使用并就医咨询。
包衣粉的用途是什么？,用于产品包衣
服用肽后出现涨肚是什么原因？,服用肽后出现涨肚可能属于蛋白质不吸收和代谢延迟，建议客户吃一些含消化酶的食物。
吃着抗血凝类的药物能同时服用还原型辅酶吗？,抗血凝类的药物不影响还原型辅酶的服用。
阿克的辅酶Q10是氧化型的还是还原型的？,氧化型的。
阿克磷虾油出现渗油现象该如何处理？,出现渗油现象的阿克磷虾油可以联系工厂给换新的，同时需沟通厂家尽可能避免类似现象，以免客户产生质疑。
顾客反应拉肚子更厉害，购买了2000亿的益生菌再食用，应该如何处理？,这可能是排病反应，需要继续观察，有需要可咨询医生建议。
情绪波动会导致心率加快吗？,在情绪波动时，会出现心率加快的现象，属于神经和体液共同参与的心血管运行的代偿反应。
安捷康对肝脏负担大吗？,从单纯原料角度讲，安捷康对肝脏应该没有影响，但具体配方含量影响不清楚。
使用肾上腺素、咖啡因、阿托品、甲状腺片等药物会导致心率快吗？,是的，使用这些药物会刺激中枢神经系统，造成心脏收缩，导致心率加快和心慌的表现。
辅酶Q10是从哪里提取出来的？,辅酶Q10是从豆科类植物酶解发酵后抽离提取出来的。
辅酶Q10在使用药物所导致的心率快的情况下是否有效？,在此类药物导致的心率快情况下，辅酶Q10不会起到有效治疗心率的作用，需要立即停药，并在医生指导下更换其他药物进行治疗。
辅酶Q10的摄入量是否有限制？,每日摄入量不要超过300mg，食用时要严格控制用量。
尿蛋白高可以喝牦牛骨胶原蛋白肽吗？,建议咨询医生进行个人化指导，避免因身体状况独立使用保健品造成风险。
胆管结石形成的原因有哪些？,可能包括糖蛋白黏液物质、胆色素类结石、胆道梗阻、感染、胆汁淤滞等。
顾客给我发过来这种辅酶 是什么型的呢？,是氧化型。
辅酶陆续下单一个星期了，还没发货，怎么回事？,请提供订单详情截图，让平台核实订单具体情况。
顾客吃肽出现呕吐是什么情况？,呕吐的原因很多，需要排查确认是服用肽引起的，如果是建议停服减量，如果还是同样反应不建议服用
药物有副作用很正常！保健品和食品提取工艺不同无副作用,不正确，药物和保健品都可能有副作用，具体情况需根据产品成分和制造工艺进行判断，不能一概而论。
喝完肽以后冒虚汗，胸闷，憋得慌是什么情况要不要停,建议停止食用并就医咨询，可能是个人体质不适合或存在其他健康问题。
这个使用方法是怎么样的？,具体保健品的使用方法和剂量请参考产品说明书或咨询专业人士，切勿随意更改使用方法。
吃辅酶Q10拉肚子，原来一天两粒没太大反应，一天4粒就拉的不行，肚子疼！！这是什么原因？,可能是因为辅酶Q10引起消化系统的不良反映，特别是对于年龄大且肠道功能减弱的过敏体质个体，最好加强整体免疫力而不只是服用益生菌。
促销的紫苏籽油多少钱一瓶？,促销价格是199元/4瓶，即买一盒送一盒，群内下单加赠1瓶，到手价199元/5瓶，每瓶价为39.8元。
磷虾油中的欧米伽三，和植物提取的，有什么区别吗？,"1、磷虾油中的Ω-3脂肪酸中包括ALA（α-亚麻酸）、DHA（二十二碳六烯酸）、EPA（二十碳五烯酸）、PGE（前列腺素）和LT5（白三烯）等营养物质，而植物中的Ω—3是十八碳三烯酸,也叫亚麻酸,主要存在于沙棘油,紫苏油、亚麻油。 2、化学形态不同，磷虾油里面的是磷脂型的，植物提取物里面的是甘油三酯型的"
如何处理顾客吃了灵芝孢子粉上火的情况？,建议暂停食用灵芝孢子粉，并咨询专业医生或药师的意见。
顾客服用磷虾油4天后出现头疼和后脑勺疼症状，怎么处理？,建议顾客停止服用磷虾油，并立即咨询医生的意见。
胃反流、返咸水的顾客适合服用益生菌吗？,胃反流、返咸水的症状可能需要针对性的治疗，服用益生菌效果可能有限，建议顾客寻求医生的建议。
为什么新款的灵芝孢子粉没有油出现？,灵芝孢子粉新款没有油可能是产品配方或生产工艺的调整，具体原因需要向生产厂家询问。
服用磷虾油对于慢性尿路感染和痔疮患者有什么影响？,磷虾油与慢性尿路感染和痔疮患者的关联性不明确，建议患者咨询医生后再决定是否服用。
咱们辅酶Q10批号怎么查？,可以通过客服咨询或者前往官方网站进行查询。
辅酶Q10生产地址在瓶子哪儿？,通常生产地址会标注在产品的包装瓶子上，如果找不见，建议咨询客服或查阅官方资料。
主产品相关资质可以从企业微信微盘下载吗？,是的，可以从企业微信微盘下载相关资质文件。
13号下单，显示现在还没有发货，要查下！,建议联系客服查询订单发货情况。
20天的孩子可以吃咱们家的益生菌吗？,不可以，咱们的益生菌是成人菌株，中国批准的婴儿用菌有专门适合婴儿的菌株，建议使用批准的婴儿用菌。
服用灵芝孢子粉血压升高是什么原因？,灵芝孢子粉可能引起血压升高的原因包括个体差异、不良反应等，建议停止使用并咨询医师。
益生菌即食乳酸菌也是河北一然生产的跟咱的益生菌有什么区别？,可能存在不同的菌株、活菌数和产品配方成分，建议对比详细产品说明或咨询厂家了解区别。
有肠息肉肠腺性瘤的可以吃益生菌吗？,建议在医生指导下使用，不建议盲目服用。
申请退款后，平台会如何处理退款？,申请退款，平台审核后会即刻退款至原支付路径。
老年色素沉积是什么引起的？,老年色素沉积与老年人皮肤角质层的退行、氧化脂肪出现老年性色素沉积有关。
肽有哪些副作用？,色素沉着可能是肽的过量服用引起的，建议按产品包装上的服用量，避免过渡晒太阳和摄入油脂。
顾客答了两个视频答题一个能收到红包，另一个答题就收不到红包是怎么回事？,可能是因为答题情况不同导致的，建议店长端后台查看顾客的答题详情确认情况。
客户取货的羊奶粉一盒里面不一样怎么解释?,可能是生产过程中发生的误操作或者包装错误所致，建议向相关部门进行反馈并进行处理。
为何会员下单的辅酶Q10还没发货?,可能是因为辅酶Q10暂时缺货，建议关注订货日期以便确认发货时间。
客户喝中药期间，能喝肽吗？,建议客户在喝中药期间遵循中医医生的建议，最好咨询医生是否可以同时服用肽。
怎样解释阿克虾油给客户？,可以解释阿克虾油的功效、适用人群和服用方法，让客户了解产品的价值和作用。
叔叔服用灵芝孢子粉后头上起疙瘩的可能原因是什么？,灵芝孢子粉性质温和，但大量食用或个体体质较差者，可能导致体内湿气过重，引起额头头部长痘。这种情况涉及体内的湿毒问题。
肾炎患者可以喝肽吗？,肾炎患者要尽量控制蛋白质和钾的摄入，因此不能服用肽。
羊奶粉发黄了还能喝吗？,羊奶粉发黄可能是被氧化，变黄的不能再喝。建议拍摄生产日期并安排售后补发一盒新的羊奶粉。
牦牛骨胶原蛋白肽会导致屁股过敏该怎么处理？,顾客使用牦牛骨胶原蛋白肽后出现屁股过敏的情况，已经持续一个月，建议咨询专业人士了解具体原因，并停止使用该产品，采取相应治疗措施。
孢子粉导致胃疼、眼睛肿、嘴唇起泡是什么原因？,这是过敏反应，属于典型的菌菇孢子过敏反应，可能导致喉咙肿胀，影响呼吸。
使用孢子粉出现过敏症状应该怎么处理？,不能继续服用，并且建议就医处理，特别是对于典型的菌菇孢子过敏反应，会影响呼吸。
顾客单侧肾之前做过手术切除，能否服用磷虾油？,需要咨询医生，确认剩下的肾能否顺利代谢磷脂，才能判断能不能服用。
店长和店助的职责有什么区别？,店长和店助在保健品店中分工不同，店长通常负责店铺的整体经营管理和业绩目标的达成，而店助则通常负责店铺的日常运营和销售管理。
磷虾油血小板低的人能吃吗？,不建议吃，磷虾油有抗血小板聚集的作用！
客户敷肽面膜后，用肽水涂抹脖子，然后骑电动车回家，现在过敏了是怎么回事，有没有知道的？,可能是由于外界环境不洁净或者个人对某些成分过敏所致，建议停止使用相关产品，及时就医。
有哪些可能导致服用保健品出现不良症状？,服用保健品出现不良症状可能与剂量、患有其他疾病以及药品本身性质有关。
如何设计服用保健品的方法？,服用保健品的方法应根据产品说明进行合理设计，建议在专业人士指导下进行。
羊奶粉味道变了是什么问题？,羊奶粉味道变化可能由于原料质量问题、生产工艺变化或者保存方式等因素所致。建议与生产商或供应商联系，以了解具体情况并采取相应措施。
顾客反应羊奶粉味道变化，如何处理？,对于顾客反应羊奶粉味道变化的问题，建议公司加以重视，尽快找出问题原因，并采取有效措施解决，以维护公司口碑和顾客满意度。
羊奶粉订单退货要求补发，但一直没有信息，如何处理？,对于羊奶粉订单退货要求补发但一直没有信息的问题，可以联系相关平台或供应商了解情况，并督促对方尽快处理，以保障顾客权益和公司声誉。
羊奶粉售后服务应该找谁？,在需要羊奶粉售后服务时，可以直接联系公司客服或售后联系人，或者根据产品包装上的售后服务联系方式进行咨询和处理。
单肾患者可以服用肽吗？,不能服用肽，单肾患者不适合摄入高蛋白的肽类产品。
肾囊肿钙化的患者能不能服用肽？,不建议服用肽，因为肾囊肿钙化的患者属于肾功能异常人群，不适合摄入高蛋白的肽类产品。
腹泻和拉肚子是服用肽的好转反应吗？,不是好转反应，可能属于蛋白质不耐受引起的不良反应。建议停止服用并咨询医生。
辅酶Q10需要几粒？,通常服用一粒辅酶Q10即可。
肾萎缩狭窄的人可以喝牦牛骨胶原蛋白肽吗？,肾脏不好的人都不适合服用高蛋白的肽类产品，不建议喝牦牛骨胶原蛋白肽。
老年冠心病患者服用阿克磷虾油出现心率不齐和心口有针刺感的反应，该怎么办？,建议及时停止服用阿克磷虾油，并咨询医生，了解合适的用量和可能的药物相互作用情况。
辅酶Q10对于老年人有什么作用？,老年人常常缺少辅酶Q10，需要体外补充。
怎样提升免疫力？,通过合理饮食、适量运动和科学补充营养可以提升免疫力。
安捷康和优甲乐能否同时服用？,安捷康和优甲乐不能同时服用，因为各自含有钙粒子和钾粒子，可能引起不良反应。
阿克虾油每100克含虾青素300毫克，瓶上是每100克含30毫克，已哪个为准？,瓶上标示的含量为准，因为阿克的检测方法变了，导致结果不同，标签根据规格变化。
辅酶Q10如何算每粒含量？需要哪个公式？,辅酶Q10每粒含量可根据配方和含量进行计算，公式为每粒含量 = 每日总含量 ÷ 日剂量。
磷虾油课件为什么说每日不超过6粒，客户却吃了九粒？,建议客户按照课件规定用量服用，超量服用可能会导致不良反应或健康风险。
单侧肾切除术后能否服用磷虾油？,需要咨询医生，确认剩下的肾能否顺利代谢磷脂后才能判断是否能服用。
益生菌能否用于痔疮？内服管用吗？,益生菌内服对痔疮可能有一定帮助，但使用前建议咨询医生。
尿酸高的人如何服用阿克虾油？,高尿酸的人在服用阿克虾油时需要咨询专业人士指导用法用量。
家人服用胶原蛋白肽后出现皮肤紫癜，可以继续服用吗？,不建议继续服用，应该停止服用胶原蛋白肽。
顾客服用肽口苦之后应该如何回答？,口味反映了不同的健康问题或疾病机体反应，比如麻味可能表示筋骨疼痛，酸味则可能与心脑血管、小肠损失有关。
服用还原型辅酶后出现肚胀是怎么回事？,服用还原型辅酶后肚胀可能是其中的一种反应，建议暂停使用并咨询医生。
海鲜过敏的可以吃磷虾油吗？,海鲜过敏者应避免食用磷虾油，因为磷虾油可能引发过敏反应。
尿酸高可以喝肽吗？,肽对尿酸没有明显影响，但应鉴别是否适合患有骨关节病症的人群，部分骨关节疾病会影响尿酸水平。
孢子粉和辅酶错开吃，还是让客户停一款产品？,建议让客户停止其中一款产品的使用，因为同时服用孢子粉和辅酶可能导致不良反应和副作用。
茶叶茶氨酸护眼片中，含糖嘛，糖尿病人可以服用吗？,茶叶茶氨酸护眼片不含蔗糖，而是使用代糖进行调味，因此糖尿病人可以服用。
顾客吃完胶原蛋白肽出现四肢无力是什么原因？,顾客吃完胶原蛋白肽出现四肢无力可能有其他原因，需要咨询专业医生进行更详细的检查和诊断。
茶叶茶氨酸护眼片中是否含糖，糖尿病人可以服用吗？,茶叶茶氨酸护眼片不含蔗糖，甜味来源代糖，代糖不参与血糖代谢，所以糖尿病人可以服用。
益生菌含活菌量是否符合标准？,产品实际含量不低于3000亿，可以与顾客强调。
新会员吃阿克磷虾油犯恶心，后脑勺疼是怎么回事？,可能是由于磷虾油引起的不良反应，建议客户停止服用并咨询医生。
益生菌与血糖水平的关系是什么？,益生菌影响食物吸收和利用，因而可能会影响血糖水平，但个体差异较大，具体影响需要根据产品配方和顾客基础情况分析。
心脏瓣膜置换术后可以服用牦牛骨胶原蛋白肽吗？,可以，但要注意低盐饮食，如出现气短、胸闷、晕厥等症状应停止服用并就医。
有顾客出现灵芝孢子粉引起上火的情况，应该如何处理？,对于出现上火症状的顾客，建议停止食用灵芝孢子粉，并适当饮食调理，如大量饮水、多吃蔬菜水果等，如症状严重建议就医。
服用肽后出现肾痛和不适怎么回事？,需要就医检查，根据检查结果判断能否继续服用，可能需要排除尿路感染等问题。
牛初乳发黄了还能继续食用吗？,牛初乳发黄后可能已经变质，建议停止食用，以免影响健康。
吃了牦牛肽后出现类似过敏的反应，身上一片一片的小疙瘩，特别痒，怎么解释呀？,可能是服用剂量过大导致的反应，建议减少服用量。
顾客吃完灵芝孢子粉后大便颜色变成黑色了？怎么回事？,灵芝孢子粉服用后会色素沉积，排泄物为棕黑色，类似服用红心火龙果后排泄物颜色变化的情况
顾客喝肽＋钙，尿蛋白高，血糖也高，是不是不建议让顾客喝了？,肽和钙本身不影响尿蛋白，血糖高可能是因为天门冬氨酸钙吸收的快速导致的血压和血糖波动，建议分批次服用，但是高尿蛋白可能是因为顾客肾功能存在问题，需谨慎考虑。
顾客吃2000亿益生菌烧心，喝1356亿没有这种情况，怎么回事？,正常情况服用益生菌不会引起烧心，建议咨询医生，并在医生的指导下进行治疗
吃肽会造成出血吗？,吃肽一般不会造成出血，如果出现异常症状建议及时就医检查。
肽有关的出血情况呢？,肽一般不会导致出血，出现异常情况可能与其他因素相关，建议就医检查。
服用肽后感觉肾痛怎么办？,建议顾客就医检查，以确定是否适合继续服用肽，帮助判断症状的病因。
3岁以上的儿童可以服用益生菌吗？,可以，包括3周岁
三宝丸孢子粉答疑群怎么进群？,扫码进群即可，有相关问题直接@陆荣老师即可。
老年人夏季为什么会引起过敏性皮炎和皮癣？,老年人夏季会因免疫力低下引起过敏性皮炎和皮癣。
这批益生菌结块了，是怎么回事？,原因是，压合处压得少了，导致封口不严实，漏气了。
每个地址的下单上限是多少单？,每个地址的下单上限是3单。
单次下单上限是多少瓶？,单次下单上限是8瓶。
由于下单数量超额，金额超额的情况该怎么处理？,如果下单数量超额，金额超额，需要尽快申请退款。
羊奶粉售后应该联系谁？,您可以联系客服或者销售渠道获取羊奶粉的售后服务信息。
如何查询磷虾油的有效查询码？,您可以在磷虾油包装上的二维码下方找到一个小数字码，使用该数字码进行查询。
顾客胃糜烂，可以喝肽吗？,可以服用，适当服用小分子蛋白能够促进受损细胞修复，对于疾病治疗可起到一定的帮助。
灵芝孢子粉导致热气大和喉咙有痰是什么情况？,灵芝孢子粉中有效成分是多糖和三贴，过量服用或肝火旺盛的人可能导致此情况。建议适当服用并多喝水。
摘除脾后喝牦牛肽导致肚子疼，建议继续喝吗？,不建议给顾客继续服用牦牛肽，因为摘除脾后会对蛋白质吸收产生影响，可能导致肚子疼。
喝豆浆有哪些禁忌？,禁忌包括不宜装在保温瓶内、与药同饮（如四环素、红霉素等抗生素）、加红糖或未煮熟的豆浆。
奶和豆浆哪个更适合补钙？,从补钙角度来说，奶中的钙含量更高且含有促进钙吸收的因子，是膳食优质钙的主要来源，所以喝奶更适合补钙。
奶和豆浆有什么不同？,奶和豆浆分别来源于植物和动物，营养成分并不完全相同，比如奶含有更多钙、维生素A、D、B2和B6，而豆浆含有较少脂肪、不含胆固醇，并有益于减肥、预防慢病。
顾客换新款虾油后身上起疙瘩是怎么回事？,这种症状可能是过敏，但不一定是虾油过敏，也可能与其他过敏源有关，建议观察或常规抗过敏处理。
虾油和鱼油的成分有何不同？,虾油的是磷脂型的，鱼油是甘油三脂型的，两者成分和作用机理不同
高尿蛋白可以喝牦牛骨胶原蛋白肽吗？,建议谨慎服用，并向专业人士咨询意见。
买的辅酶Q10没有说明书吗？里面没有含量主料辅料说明？,请联系客服索取产品说明书，以免影响正常使用
吃了牦牛骨胶原蛋白肽和叶黄素之后眼睛发红、发肿、疼、看不清是什么原因？,可能是个别体质不适合，请停止服用并咨询医生
长年腹泻，吃了益生菌后又开始便秘了，属于正常吗？这种情况大概持续多久？,这属于异常情况，建议尽快停止服用并咨询医生，以免影响健康
喝了半年益生菌，刚开始挺好，现在又突然便秘了，是什么情况？,便秘的原因有很多，不是吃了益生菌就永远不便秘。建议确定具体情况再进行调理。
一个顾客的女儿正在吃中药调理内分泌，可以同时吃三宝丸吗？,要看具体方子，特别注意避免和特定药物同时服用。
人康十脉神剑介绍图在哪里？,https://qx-session-file.oss-cn-beijing.aliyuncs.com/data/fdf3ed36c0185c8a3444be95c0efac9c.pdf?Expires=2323749061&OSSAccessKeyId=LTAI5tGtBeaHVfDTDE5hhDXS&Signature=TeIryYHvp4D2vNArWGnpGTLddBo%3D
早2包晚2包吃肽，出现恶心的情况是什么原因？,有可能是胃酸过多或吃坏东西引起的，具体情况需要进一步观察判断。
辅酶Q10负责什么？,辅酶Q10负责帮助心肌细胞产生能量，有助于提高心肌的带氧量。
辅酶Q10批号和生产地址在瓶子哪里？,国产辅酶Q10的批号和生产地址通常是在瓶子上的标签上，可以找到相关信息。
我们的奶粉出现涨袋后还能喝吗？,奶粉出现涨袋后就不再适合饮用，建议停止使用并联系售后进行更换。
羊奶粉没有羊奶味，老伴喝了拉肚子，可以给厂家反馈吗？,可以向厂家反映，老伴出现拉肚子的情况可能与羊奶出现问题有关，需要进一步调查原因。
三宝丸糖尿病每天怎么吃最好？,关于三宝丸糖尿病的最佳服用方式，请遵循产品说明书中的指导，或向专业人士咨询。
在什么情况下可能需要更换储存产品？,当产品变质时，应立即更换储存产品，并将变质产品寄回采购部处理。
顾客服用安捷康后手关节疼，膝盖疼，怎么解决？,建议顾客停止服用安捷康，并向专业人士咨询，寻求合适的替代方案。
辅酶Q10适合有尿蛋白的肾功能不好的顾客吗？,肾功能不全的顾客不适宜服用辅酶Q10，以避免加重肝脏、肾脏的负担。建议在医生指导下合理选择保健品。
肽服用后出现小疙瘩，需改变服用量吗？,肽可能对部分人体负有过敏反应，建议减少服用量并稀释后分次服用，若仍有反应，应停止使用并就医咨询。
新辅酶的保质期是多久？,新辅酶的保质期是3年。
辅酶的纯度和添加量是多少？,辅酶是还原型，纯度达到96%，每粒添加量为100mg。
服用新品辅酶q10是否影响雌激素水平？,新品辅酶q10包裹于大豆软磷脂中，服用不会显著影响雌激素水平。
对于脾虚、气虚的淋巴瘤患者，可以服用三宝丸吗？,建议咨询中医师，因为铁皮石斛属于清热作用，患者体质较寒，需咨询专业医生。
冲剂和片剂有什么优劣势？,冲剂容易氧化、受胃酸影响，一般用于吸收缓慢的中药颗粒剂型和不容易被胃酸破坏的原料成分剂型；片剂的包衣可以减缓有效成分和空气接触和胃酸反映，造粒的作用在于可以缓慢释放有效成分，充分吸收和利用。
冲剂和片剂如何决定使用何种剂型？,剂型一般是根据配方的吸收、氧化、耐高温、过敏反应、缓释或靶向、法规、添加量等方向决定，所以不一定片剂就优于粉剂，具体剂型更合理要根据配方来定。
服用高蛋白食物会对肾有影响吗？,服用高蛋白的食物会引起尿素氮升高，可能会对肾有影响。
海鲜过敏的人可以吃磷虾油吗？,海鲜过敏的人不建议食用磷虾油。
服用胶原蛋白肽后尿素氮升高，该继续服用吗？,服用高蛋白的食物会引起尿素氮升高，对肾可能会有影响，建议先停止，稳定之后减少服用量再试试。严重的肾病如果一直高先不要继续服用。
牦牛骨胶原蛋白肽滴到眼睛里是否可以？,不可以，眼睛很脆弱，研发部门也表示不可以
羊奶粉在保质期内且包装完好，为何颜色变了？,可能是氧化导致的变色
什么是辅酶Q10？,辅酶Q10是一种维生素样的物质，也称作辅酶Q，它在人体内存在，并且对维持健康至关重要。
[庆祝]人康发光者活动引起全球华人响应是什么？,2023年，人康集团发起了“全民追光”活动，得到广大会员和全球华人的热烈响应。
食道癌术后能否服用益生菌？,术后建议遵医嘱，不能擅自服用益生菌。
益生菌是否会引起过敏？,益生菌通常不会引起过敏，但个别人可能对某些益生菌成分过敏，因此在选择益生菌产品时，建议先进行敏感测试。
牦牛骨胶原蛋白肽的生产厂商是哪家？,牦牛骨胶原蛋白肽生产厂商是天津恒健盛大生物科技有限公司，国药集团天目湖药业只是经销商。
保健品对于康复有哪些帮助？,保健品可以辅助康复，但不能替代治疗。在医生的指导下，选用适合自己身体状况的保健品，有助于维持身体的健康状态，促进康复。
如何选择合适的保健品？,选择保健品时需要根据个人的身体状况、年龄、性别等因素进行选择，最好在医生的指导下进行选择。此外，选择保健品时应注意产品的认证情况和生产厂家的信誉度。
有顾客服用磷虾油出现胃热、烧慌、打嗝、便秘等症状，是什么原因？,建议停止服用并向医生咨询，症状可能与个体体质或过敏有关。
羊奶粉保质期内颜色不一致，是否变质？可否饮用？,变质的羊奶粉会有异味和结块现象，建议不要饮用，以免引起身体不适。
客户说连续4天不排便，吃了2000亿的益生菌是否减量或者加量？,建议咨询医生，便秘可能不只是益生菌用量问题。
辅酶Q10的纯度是多少？,96%
有关辅酶Q10下单问题，平台库存数有已经通知增加吗？,是的，上午已经告知平台增加平台库存数
客户吃了2000亿红盒益生菌持续性口腔溃疡，这种情况如何解释和处理,可能是对益生菌产生了不良反应，建议停止使用并就医咨询
顾客喝上肽开始头晕，恶心.跑肚严重，这是怎么回事呀,可能出现不良反应，建议停止使用并就医咨询
患有肝钙化点和甲高脾大的透析病人是否能服用孢子粉？,患有肝钙化点和甲高脾大的透析病人最好先咨询专家，确认是否能够安全服用孢子粉。
为什么益生菌产品会出现多种规格和价格？,益生菌产品的不同规格和价格是根据添加的益生菌菌株种类数量和益生元种类数量而定的。不同规格可能含有不同数量和种类的益生菌菌株和益生元，价格也会相应有所差异。
牦牛肽引起的过敏反应该怎么解释？,牦牛肽引起的过敏反应可能是蛋白质吸收障碍或免疫力低下引起的蛋白质不耐受。吸收障碍可以调理肠道功能后再服用，而过敏引起的则不宜服用。
如何正确保存辅酶软胶囊？,辅酶软胶囊应该放在冰箱里保鲜存放，以防止黏连并保持有效成分的活性。持续高温会导致软胶囊黏连。
产品参数显示500毫克，实际上每粒含多少毫克？,产品参数中显示的500毫克可能有误，实际每粒含100毫克，需要修正参数信息。
磷虾油对于上火有影响吗？,磷虾油中几乎没有嘌呤，根本不影响尿酸，因此它不会导致上火的反映。
服用益生菌后引起头痛，该如何处理？,如果顾客服用完益生菌后引起头痛，建议停止服用，并在适当时候咨询医生意见。
白内障手术后多久可以开始服用蓝莓？,建议在做完手术后咨询医生是否可以开始服用蓝莓
喝羊奶粉时有草的反应怎么办？,建议检查羊奶粉是否受到污染或者有其他情况，谨慎品尝或者寻求相关专业意见
是否可以自己直接向顾客发送案例视频?,不要自己直接发案例视频在任何地方。自己推送视频属于个人行为，通过公司提供的线上平台是公司行为，任何个人行为导致的风险，公司不负责。
辅酶Q10新款可以与心脏药同服吗？,不要放在一起服用，应该间隔1.5小时左右服用。如果客户有严重的心脏问题，还伴随心衰，可能需要根据具体情况调整辅酶的用量。
辅酶Q10新款怎么服用？,可以根据情况服用2-3粒，根据客户是否正在服用心脏药、心脏状况等因素进行调整。
辅酶Q10应该如何储存？,不要长时间放置在高温密闭的环境内，尽量避免阳光直晒产品，最好放置在冰箱的保温层，非冷冻，然后晃动一下，这样可以更好的保护辅酶的活性长久。
痛风的客户，能吃我们的肽吗？,能吃，但要注意蛋白质摄入过量会导致消化不良，需要适量摄入。
发现辅酶Q10空瓶或重量异常时应该怎么处理？,空瓶或重量异常可能是包装过程中出现的问题，建议联系工厂或供应商进行更换或解决。
服用三宝丸后出现尿道发烫的情况该怎么处理？,尿道发烫可能是尿道感染、妇科炎症或男性前列腺增生所致，建议客户就医寻求专业诊断。
服用肽后白天小便增多是什么情况？,白天小便增多可能是由于过量摄入蛋白质导致肾脏负担加重，或是蛋白质产生尿液增加所导致的，建议客户就医检查肾功能。
血糖高有问题的客户，可以吃肽吗？,血糖高的客户可以适量食用肽，但对于肾功能不良的客户，应尽量避免服用肽。
平台审核后会即刻退款原支付路径吗？,是的，申请退款后，平台会立即退款到原支付路径。
食用虾油对过敏有影响吗？,食用虾油可能引起过敏反应，不建议继续食用并应及时就医。
牛初乳变色、变软后还能继续使用吗？,牛初乳变色并变软通常是因储存不当导致受潮，不宜继续使用。
全员会议的议程有哪些内容？,1、整体促销节奏安排讲解+促销月激励政策；2、优秀榜样分享；3、重要事项同步；4、董事长讲话。
老顾客调查问卷中包括哪些问题？,1、您是否每天坚持服用牦牛骨蛋白肽？ 是/否； 2、您每天服用多少袋牦牛骨蛋白肽？ 数字； 3、坚持服用效果更好，请问您还有多少盒未服用的牦牛骨蛋白肽？ 6盒以下、6-12盒、12盒以上。
还原型辅酶Q10造成胃部不适有哪些可能原因？,胃部不适可能是由于胃酸过多与辅酶的酶解物质发生反应，或是胶囊皮产生反映，解决办法是剪开胶囊皮或直接服用内容物。
辅酶含量是多少？,每粒含辅酶100mg，纯度为96%。
iga肾病患者可以服用磷虾油吗？,需要咨询医生，不能直接给出建议。
肽盒子上两个专利都没有授权怎么办？,建议与产品供应商联系，核实专利授权情况并协助解决。
服用叔叔品脆骨肽几天出现小红点和痒是怎么回事？,可能是过敏反应，建议停止服用并寻求医生建议。
服用进口辅酶后出现身体瘙痒的情况，是怎么回事？,可能是皮肤过敏反应，建议停止服用并咨询专业人士。
如何查询红磷虾油的溯源地？,输入执行标准号为4521222001进行查询；另外，最新一批次的包装将印刷查询码在包装正面，印刷完成后会在群内公示。
服用肽后出现胳膊疼痛的情况，可能是怎么回事？,这可能是旧疾再次发作，建议寻求医生帮助做进一步的评估和治疗。
顾客反映奶粉里有小虫子怎么处理？,需要提供产品批号和盒子照片以及采购记录进行反馈处理。
顾客反映奶粉口感差，应该怎么回复？,需要提供产品批号和盒子照片，进行进一步了解和处理。
如何处理客户反映奶粉变质的情况？,需提供产品批号和盒子照片，同时可以向相关管理部门或产地索取反馈处理。
什么是U盾？,U盾是指一种用于身份认证、签名加密等功能的智能卡。
顾客吃完安捷康胃不舒服，有人喝药粉缓解，安捷康胶囊壳成分是什么？不易消化吗？,安捷康胶囊壳主要成分可能包括明胶、甘油等，所以有些顾客可能不易消化。喝药粉可能有缓解作用，但建议在医生指导下服用。
一天吃四粒牛初乳导致拉肚子是怎么回事？,一天吃四粒牛初乳导致拉肚子可能是因为过量服用，建议适量服用并咨询医生。
还原型辅酶Q10的配料表和服用说明，进口的不太懂，应该怎么解释？,还原型辅酶Q10的配料表应该包括主要配料和副作用等信息，并且应该有中文说明书。可以向生产商或者相关部门咨询解释，以便为顾客提供准确的信息。
还原型的辅酶Q10的服用量和时间应该怎么调整？,根据产品说明，还原型的辅酶Q10一般建议饭后服用，每天两次，一次一粒，但具体用量应该根据顾客的实际情况进行调整，并遵循医生的建议。
服用孢子粉一个月拉肚子是什么情况？,孢子粉可能具有促进肠道蠕动的作用，但如果持续拉肚子可能需要停止使用，并咨询医生进行进一步诊断。
什么是生物基因？,生物基因主要研究生物体内基因的结构、功能和调控，属于生物工程和基因应用的范畴。
我服用益生菌后出现腹泻，是什么原因？,腹泻可能与益生菌的使用有关，建议停止使用并咨询医生。
有关辅酶Q10的购买数量限制和下单问题，能否解答一下？,根据辅酶Q10的购买限制，建议遵循商家制定的限购规则，不宜一直以同一账号购买大量产品。建议与顾客沟通并引导他们理解相关政策。
顾客有肾炎可以喝肽吗？,肾炎患者不宜服用肽，需要控制蛋白质和钾的摄入。
辅酶陆续下单一个星期了，还没发货，怎么回事？,建议联系客服查询订单情况，可能是库存不足或物流延迟导致未能及时发货。
羊奶粉发黄，还能继续喝吗？,羊奶粉发黄表示可能已经氧化变质，建议停止食用并联系售后处理。
我这顾客为什么收不到红包呢？,红包可能有特定使用条件，或者系统问题导致无法正常发送，建议顾客联系客服查询具体原因。
辅酶14号为什么还未到货，怎么查物流？,辅酶14号订单为何未到货，可以如何查询物流信息？
什么保健品适合服用一日一粒？,有哪些保健品适合每日服用一粒？
为什么辅酶一直不发货啥情况？,可能是库存不足或物流延迟导致未能及时发货，建议联系客服查询具体订单情况。
18年的细胞能量液产品还可以使用吗？,18年购买的细胞能量液产品是否还可以使用？
辅酶Q10的添加量是多少？,辅酶Q10的添加量是每粒100mg。
安捷康对肝脏负担大吗？,从原料角度讲，安捷康对肝脏没有影响，但具体配方含量还需了解更多。
益生菌引起拉肚子，下一步应该怎么用？,拉肚子可能是益生菌引起的排病反应，建议逐渐减少剂量，观察肠道状况。
三宝丸孢子粉有什么作用？,三宝丸孢子粉主要可以改善肠道菌群，增强免疫力。
牛初乳打开后变色了，顾客不敢吃了，这是什么情况？,变色的牛初乳可能是由于返潮，已经变质，不能继续食用。
溃疡性结肠炎可以吃益生菌吗？,益生菌可以缓解溃疡性结肠炎的不适症状，但治愈溃疡性结肠炎还是建议就医。
服用益生菌是否会加重胃食管反流？,一般情况下，益生菌作用在肠道，并不会加重胃食管反流，可继续服用或减量服用。
化疗期间可以吃益生菌吗？,一般情况下可以适当吃益生菌，但最好在医生指导下进行。
羊奶粉质量不一致怎么解释？,可以解释为生产工艺问题或者储存运输过程中的管理不善导致的质量差异。
如何操作肽的对比实验？,操作肽的对比实验需要首先确定实验目的和对比对象，然后设计实验方案，包括取样、处理、测定等步骤，并最终进行数据分析和结果解释。
益生菌引起腹泻后又便秘是否属于正常反应？这种情况大概持续多久？,益生菌引起腹泻后又便秘并不属于正常反应，应该咨询专业人士寻求帮助。
购买保健品的数量和频率有哪些限制？,每个订单身份证认证、支付账户必须为同一人，每天下单次数不得超过2次，每笔订单下单数量最多8瓶，两笔订单间隔时间保证在2小时以上。
什么是赫氏消亡反应？通常需要多久恢复正常？,赫氏消亡反应是指在服用保健品后出现的暂时性不适反应，通常持续1-4周。
抗癌药和益生菌需要隔开多长时间服用？,间隔1小时后再服用益生菌。
长期服用磷虾油会导致头疼吗？,长期服用磷虾油可能导致头疼，建议调整用药方案或者咨询医生。
服用益生菌后出现黑色物质是什么？,服用益生菌后出现黑色物质，建议咨询医生了解具体原因。
服用还原型辅酶Q10后出现胃部不适怎么办？,不要空腹服用还原型辅酶Q10，饭后半小时内不要服用，同时避免与酸性物质一同服用。如果服用后出现胃部不适，建议咨询医生。
保税区投递时联系不到本人怎么办？,快递会联系2-3次，未联系到会退回
如何解决辅酶Q10胶囊皮偶尔出现黏连的情况?,胶囊皮的黏连可能源于其硬度，而硬度受甘油和明胶的比例影响。在炎热的夏天，部分黏连情况可能出现。建议放置辅酶在冰箱的保温层冷藏，并轻微晃动一下，这样可以更好地保护辅酶的活性长久。
顾客服用肽出现呕吐是什么情况？,呕吐原因可能很多，需要确认是否由服用肽引起，如果是建议停服或减量。如果依然引起同样反应，则不建议继续使用
服用肽有哪些注意事项？,应了解正确的服用方法和用量，同时需要注意产品搭配和长期使用效果。
益生菌导致肠胃不舒服怎么办？,可能需要减少服用量或停止使用，建议咨询医生意见。
我的顾客手机号13171552637收不到红包怎么办？,建议检查手机号是否填写无误，同时确认红包发送是否成功，如果依然存在问题，可以联系客服协助解决。
蛋白肽配料表包含哪些成分？,1、主料牦牛骨蛋白肽占比95%以上，2、甜味剂，占比很低，调口感功效，3、食用香精，占比低，调口感功效。（甜味剂+食用香精占比不超过5%）
服用肽后出现全身瘙痒的顾客应该怎么处理？,如果属于肽引起的过敏反应，则不能继续服用，可能是季节性过敏，亦可能是肽引起的过敏，建议停止服用。
客户吃了耗牛骨胶原蛋白肽后，胃胀不能吃饭，晚上还睡不着，头晕眼花，胸闷，怎么回事？,蛋白肽产品一般都不会直接引起以上症状，要了解客户基础病和服用其他药物原因，个人体质原因服用后如出现各种明显不适，需要停服，不建议服用。
为什么同一个顾客答了两个视频答题一个收到红包，另一个没收到？,需要核对顾客是否完成了答题和答题正确与否，应该以店长端后台的答题详情为准。
一个顾客的女儿30岁，正在吃中药调理内分泌，问可以同时吃三宝丸吗？,不建议同时服用中药和三宝丸，建议咨询中医或药剂师的意见。
客户服用益生菌头晕是怎么回事？,头晕等不适可能与个人体质原因相关，建议停止服用并就医进行进一步检查。
软斑和硬斑有什么区别，软斑会不会变成硬斑？,软斑不稳定，容易崩解或脱落形成梗塞，硬斑是软斑钙化了，相对稳定，但较大，狭窄移度严重。
吃磷虾油尿酸高了是怎么回事？,高尿酸可能是磷虾油引起的，建议咨询医生进行进一步评估和调整用药方案。
顾客胃切除，服用益生菌后肚子绞痛是怎么回事？,肚子绞痛可能是由于益生菌引起的胃肠突然蠕动加快、各段不同步，建议减小剂量，饭后服用，并忌冷硬油腻食物。
脾摘除后喝了牦牛肽一直肚子疼，停了肽就不疼了，请问还坚不建议继续喝？,不建议继续喝牦牛肽，脾摘除后对蛋白质吸收有影响，可能导致肚子疼，建议咨询医生或药剂师的意见。
奶粉出现涨袋后还能喝吗？,如果已经出现涨袋，建议停止食用并联系相关负责人进行处理
购买后还能下单吗？,可以继续下单
新辅酶有哪些可能的副作用？,可能会出现平躺睡不了觉，出气不顺，胸口憋闷等不适，建议停止服用并咨询医生
服用肽后不能睡觉的原因是什么？,可能是因为服用肽后引起的反应，建议减少用量或停用，并咨询专业医生。
安捷康会引起转氨酶升高吗？,安捷康含的成分不影响转氨酶，对肝脏没什么副作用。
甲状腺恶性肿瘤手术后能否服用金虾油？,甲状腺恶性肿瘤手术后不适宜服用金虾油。
蛋白肽引起的胸闷问题该如何处理？,建议联系肽的工厂研发咨询原因，并根据个体情况适量服用，如果存在过敏反应或其他不适症状，建议停服并咨询医生建议。
磷虾油适合血小板偏低、胆红素高的情况吗？,对于血小板偏低、胆红素高的情况，建议在医生的指导下服用磷虾油。
客户服用蛋白肽后出现血压升高，是否存在关联？,蛋白肽不会直接导致血压升高，但存在高血压疾病史或对蛋白肽过敏反应可能导致血压升高。建议在服用前咨询医生建议，如出现不适症状停止服用。
吃完益生菌胃拧着疼怎么回事？,可能是个体差异或者在食用益生菌初期出现的暂时性不适，可以暂停食用一段时间，如果症状持续可以咨询医生。
肾有问题的客户可否服用蛋白肽？,肾有问题的客户不宜服用蛋白肽，过度服用蛋白质会给肾小球增加工作负担，可能导致肾排泄异常和水肿。
客户服用中药期间是否可以服用蛋白肽？,一般情况下可以服用蛋白肽，但需要根据个体情况适量服用。
肺移植患者能否服用益生菌？,肺移植患者可服用益生菌，因益生菌主要对肠道有益，与肺部无直接关联。然而，在服用前应咨询医生。
有什么原因导致服用虾油后血压升高？,服用虾油后出现血压升高可能是个体反应，建议暂停服用并咨询医生。
顾客服用牦牛肽后出现类似过敏反应和瘙痒症状该如何解释？,可能是个体过敏反应，建议停止服用牦牛肽并向医生咨询。
顾客服用肽＋钙后出现高尿蛋白和高血糖，是否建议继续服用？,建议了解所服用的钙和肽的成分，如存在不确定因素或个体状况考量，建议在医生指导下决定是否继续服用。
第一次吃辅酶q10就出现鼻子出血，跟辅酶有关系吗？,可能跟辅酶有关，建议减少剂量并留意其他症状。
顾客反馈7月份的益生菌口味酸，跟之前买的口感不一样，怎么解释？,联系采购反馈，查看产品问题。
胶囊皮偶尔出现黏连的情况是怎么回事？,胶囊皮的黏连源于它的硬度，受甘油和明胶的比例影响。由于新西兰的法规对甘油添加量有要求，所以添加量非常少。另外，明胶来源于纯牛骨和皮，在炎热的夏天，会出现部分黏连情况。
顾客吃了肽就睁不开眼，一天老困，睡不醒是怎么回事，停了一天，现在一天吃一粒也这样，有这种情况的吗？,需咨询专业人士，可能出现不良反应或身体不适。
顾客表示了自己有骨关节和睡眠问题，线上用户越多的门店样本量越多，如何处理这样的情况？,结合用户的真实诉求，可以针对性地推荐适合改善骨关节和睡眠问题的保健品，可以通过视频和直播进行精准推荐，提高转化率。
客户敷肽面膜后，用肽水涂抹脖子，然后骑电动车回家，现在过敏了是怎么回事，有没有知道的？,客户可能是由于外界环境引起的过敏反应，骑电动车时可能接触到了污染物或者过敏原，建议及时就医并停止使用该产品。
